id,remote_id,created_at,modified_at,transaction_date,contact,account,total_amount,currency,company,applied_to_lines,remote_was_deleted
5efc3ab0-1859-4a0f-9c54-a534e78faa30,PMT-A0E56A02,2026-03-03T17:36:55.718430Z,2026-03-03T17:36:55.718430Z,2025-03-31,9b37ae3b-3ca9-45e0-ab74-3643c7d1f0f7,aa38bf8d-b4d1-49f1-94dc-04c380a5f210,8000.0,USD,,"[{""id"": ""cec2cd3c-1059-41f8-8af0-7c15bd5f54cf"", ""remote_id"": ""PMLN-47D15ED7"", ""applied_amount"": 8000.0, ""applied_date"": ""2025-03-31"", ""related_object_id"": ""783e6d3f-d0ff-4469-9b8e-49cf93bfd62c"", ""related_object_type"": ""INVOICE""}]",False
5b3f4ddd-3cac-4f0a-96f6-64a0d539b209,PMT-F185C19D,2026-03-03T17:36:55.718430Z,2026-03-03T17:36:55.718430Z,2025-04-09,0c542c0a-2131-42d3-ad57-9ca58108e8c4,aa38bf8d-b4d1-49f1-94dc-04c380a5f210,60000.0,USD,,"[{""id"": ""7b05aaf2-93af-4ea7-98d9-2d82ee8fff6a"", ""remote_id"": ""PMLN-FCB0BB1B"", ""applied_amount"": 60000.0, ""applied_date"": ""2025-04-09"", ""related_object_id"": ""17c3c56d-efca-4607-bf7a-986dcb37f852"", ""related_object_type"": ""INVOICE""}]",False
629048ff-fffa-4c9a-8798-06ec2494c0f7,PMT-B7E92A15,2026-03-03T17:36:55.718430Z,2026-03-03T17:36:55.718430Z,2025-03-16,1712da98-5432-44ec-84c1-2c7e471648c6,aa38bf8d-b4d1-49f1-94dc-04c380a5f210,4500.0,USD,,"[{""id"": ""07b0ec97-bb42-4f79-bc10-84ede1fab200"", ""remote_id"": ""PMLN-BDA17504"", ""applied_amount"": 4500.0, ""applied_date"": ""2025-03-16"", ""related_object_id"": ""5eef2a11-d4bc-457a-98d8-f84b5ba81227"", ""related_object_type"": ""INVOICE""}]",False
5a4ba704-a6e1-4713-9224-555e2ecc5653,PMT-BD1C58BE,2026-03-03T17:36:55.718430Z,2026-03-03T17:36:55.718430Z,2025-05-07,9b37ae3b-3ca9-45e0-ab74-3643c7d1f0f7,aa38bf8d-b4d1-49f1-94dc-04c380a5f210,8120.0,USD,,"[{""id"": ""3a1f55c7-eacb-4b79-a2a4-26f4a7741d10"", ""remote_id"": ""PMLN-E57054E0"", ""applied_amount"": 8120.0, ""applied_date"": ""2025-05-07"", ""related_object_id"": ""01a3aed9-255b-4521-836b-658237469b3a"", ""related_object_type"": ""INVOICE""}]",False
71bcf125-1348-4d99-bda7-1ea7c7aa5418,PMT-C95EB36C,2026-03-03T17:36:55.718430Z,2026-03-03T17:36:55.718430Z,2025-04-16,1712da98-5432-44ec-84c1-2c7e471648c6,aa38bf8d-b4d1-49f1-94dc-04c380a5f210,4567.5,USD,,"[{""id"": ""8fbeb5f7-0e52-43d0-b4ff-ea16fcb802fb"", ""remote_id"": ""PMLN-A3CA880A"", ""applied_amount"": 4567.5, ""applied_date"": ""2025-04-16"", ""related_object_id"": ""815878c4-b090-4542-b7a9-f387bc7a8b91"", ""related_object_type"": ""INVOICE""}]",False
64decbbf-c307-48c7-9037-d5bec7ae83f6,PMT-13A0C4E6,2026-03-03T17:36:55.718430Z,2026-03-03T17:36:55.718430Z,2025-05-01,7e5afbb5-515e-4d81-b205-7ebe78472f72,aa38bf8d-b4d1-49f1-94dc-04c380a5f210,3500.0,USD,,"[{""id"": ""aad0c33b-0cd1-4a88-9576-7484d938dac9"", ""remote_id"": ""PMLN-74C324CA"", ""applied_amount"": 3500.0, ""applied_date"": ""2025-05-01"", ""related_object_id"": ""303c3986-15d4-4b74-9d10-6a24179754f8"", ""related_object_type"": ""INVOICE""}]",False
5f3fe2c0-4537-49c2-8d6d-92832332218c,PMT-18996A5D,2026-03-03T17:36:55.718430Z,2026-03-03T17:36:55.718430Z,2025-06-17,0ce61099-c0e8-4986-a722-db5985408a7a,aa38bf8d-b4d1-49f1-94dc-04c380a5f210,33600.0,USD,,"[{""id"": ""a9c584d4-9987-49ac-96f4-6304d774c130"", ""remote_id"": ""PMLN-57D7D141"", ""applied_amount"": 33600.0, ""applied_date"": ""2025-06-17"", ""related_object_id"": ""0f65cc0b-612a-476b-a9b1-c9c20dbec71e"", ""related_object_type"": ""INVOICE""}]",False
4b5690d4-e84e-408a-af6d-c5ae3ffbef28,PMT-62D7ACF5,2026-03-03T17:36:55.718430Z,2026-03-03T17:36:55.718430Z,2025-05-31,9b37ae3b-3ca9-45e0-ab74-3643c7d1f0f7,aa38bf8d-b4d1-49f1-94dc-04c380a5f210,8241.8,USD,,"[{""id"": ""5b0c0243-892c-4a36-a92e-37a88e7a81a2"", ""remote_id"": ""PMLN-C5C6E234"", ""applied_amount"": 8241.8, ""applied_date"": ""2025-05-31"", ""related_object_id"": ""10d8b17f-f8fa-40a1-b523-9b488f9b61e1"", ""related_object_type"": ""INVOICE""}]",False
5309d65b-f1bb-4ded-b5e4-0cb5fc272946,PMT-55BF9BF3,2026-03-03T17:36:55.718430Z,2026-03-03T17:36:55.718430Z,2025-05-22,1712da98-5432-44ec-84c1-2c7e471648c6,aa38bf8d-b4d1-49f1-94dc-04c380a5f210,4636.01,USD,,"[{""id"": ""36f4ca71-f17d-48d5-a2cf-cd321270917f"", ""remote_id"": ""PMLN-F7C3379C"", ""applied_amount"": 4636.01, ""applied_date"": ""2025-05-22"", ""related_object_id"": ""47d17b65-b9c1-4123-a621-9f582ee11b35"", ""related_object_type"": ""INVOICE""}]",False
d9f121cf-a64d-4f82-a2bd-6331d69915ba,PMT-65B7D1BC,2026-03-03T17:36:55.718430Z,2026-03-03T17:36:55.718430Z,2025-05-31,7e5afbb5-515e-4d81-b205-7ebe78472f72,aa38bf8d-b4d1-49f1-94dc-04c380a5f210,3552.5,USD,,"[{""id"": ""35eeb3ef-6da5-47b3-b737-245171cccb16"", ""remote_id"": ""PMLN-85F5B5B2"", ""applied_amount"": 3552.5, ""applied_date"": ""2025-05-31"", ""related_object_id"": ""e203f3da-c33c-4b6c-a36d-48f75c641fb8"", ""related_object_type"": ""INVOICE""}]",False
9237cce1-2cf4-48b7-a447-749dc8df1af8,PMT-EB9FFD39,2026-03-03T17:36:55.718430Z,2026-03-03T17:36:55.718430Z,2025-05-31,ccb27e9d-6e90-421d-ab5c-554f9a2becfb,aa38bf8d-b4d1-49f1-94dc-04c380a5f210,2000.0,USD,,"[{""id"": ""1a245a0e-9344-4561-b5b2-baaaa1631165"", ""remote_id"": ""PMLN-7EAC6315"", ""applied_amount"": 2000.0, ""applied_date"": ""2025-05-31"", ""related_object_id"": ""489e6625-d3ac-404d-8eb1-af3f2d150ef0"", ""related_object_type"": ""INVOICE""}]",False
647e827b-1153-4c07-b917-31b9bde80173,PMT-F154AEC4,2026-03-03T17:36:55.718430Z,2026-03-03T17:36:55.718430Z,2025-07-09,9b37ae3b-3ca9-45e0-ab74-3643c7d1f0f7,aa38bf8d-b4d1-49f1-94dc-04c380a5f210,8365.43,USD,,"[{""id"": ""7150f0de-3178-4367-b523-cb6cf93d8090"", ""remote_id"": ""PMLN-BF1C55DC"", ""applied_amount"": 8365.43, ""applied_date"": ""2025-07-09"", ""related_object_id"": ""84d73dc6-60ae-427f-8fdc-a001608d5fae"", ""related_object_type"": ""INVOICE""}]",False
fb37087f-b751-4837-99ee-74edc6c545e2,PMT-1D6ED271,2026-03-03T17:36:55.718430Z,2026-03-03T17:36:55.718430Z,2025-06-16,1712da98-5432-44ec-84c1-2c7e471648c6,aa38bf8d-b4d1-49f1-94dc-04c380a5f210,4705.55,USD,,"[{""id"": ""01916223-a396-4630-9f0a-e4148d748766"", ""remote_id"": ""PMLN-B7CCF1E8"", ""applied_amount"": 4705.55, ""applied_date"": ""2025-06-16"", ""related_object_id"": ""820061df-e0da-48d6-ac2a-5984ce051c08"", ""related_object_type"": ""INVOICE""}]",False
548b0312-4b0b-4764-ba1d-7376a0e0feb2,PMT-A2B20BB6,2026-03-03T17:36:55.718430Z,2026-03-03T17:36:55.718430Z,2025-07-01,7e5afbb5-515e-4d81-b205-7ebe78472f72,aa38bf8d-b4d1-49f1-94dc-04c380a5f210,3605.79,USD,,"[{""id"": ""817a7546-f0dd-4b7a-ba49-c9838cb0ae29"", ""remote_id"": ""PMLN-F5C54EE2"", ""applied_amount"": 3605.79, ""applied_date"": ""2025-07-01"", ""related_object_id"": ""d0e532d0-3d16-44a3-ae1e-e274fb751175"", ""related_object_type"": ""INVOICE""}]",False
336a7005-06c8-41ac-8da2-befa4809e84c,PMT-A57D660F,2026-03-03T17:36:55.718430Z,2026-03-03T17:36:55.718430Z,2025-07-01,ccb27e9d-6e90-421d-ab5c-554f9a2becfb,aa38bf8d-b4d1-49f1-94dc-04c380a5f210,2030.0,USD,,"[{""id"": ""eb91fb5d-e58b-4f98-a1cb-478fa57ad408"", ""remote_id"": ""PMLN-58FDE4BD"", ""applied_amount"": 2030.0, ""applied_date"": ""2025-07-01"", ""related_object_id"": ""c057cd15-7a0a-4169-b032-3b6b088435b7"", ""related_object_type"": ""INVOICE""}]",False
1fd09465-4c54-41e4-9073-19d6dc9bcc37,PMT-40FD03A4,2026-03-03T17:36:55.719470Z,2026-03-03T17:36:55.719470Z,2025-07-01,e8e6844b-137d-451e-8c24-70b33874b6a4,aa38bf8d-b4d1-49f1-94dc-04c380a5f210,2200.0,USD,,"[{""id"": ""73e232b7-e835-46eb-a353-ed2716a03985"", ""remote_id"": ""PMLN-F6A68632"", ""applied_amount"": 2200.0, ""applied_date"": ""2025-07-01"", ""related_object_id"": ""2ecc096f-55c5-448c-b046-fdc0c3330418"", ""related_object_type"": ""INVOICE""}]",False
51b53674-3eb2-4f01-9b5c-43c2cdab07ac,PMT-AC83A2BE,2026-03-03T17:36:55.719470Z,2026-03-03T17:36:55.719470Z,2025-07-31,9b37ae3b-3ca9-45e0-ab74-3643c7d1f0f7,aa38bf8d-b4d1-49f1-94dc-04c380a5f210,8490.91,USD,,"[{""id"": ""e9ac9782-3a79-4961-99b2-a681a41aacc1"", ""remote_id"": ""PMLN-B95A6F03"", ""applied_amount"": 8490.91, ""applied_date"": ""2025-07-31"", ""related_object_id"": ""23d214e6-bd3b-4384-803b-3dbdc7118e56"", ""related_object_type"": ""INVOICE""}]",False
c295256b-9aee-44b6-b6df-9a6424405570,PMT-DD60DB08,2026-03-03T17:36:55.719470Z,2026-03-03T17:36:55.719470Z,2025-07-16,1712da98-5432-44ec-84c1-2c7e471648c6,aa38bf8d-b4d1-49f1-94dc-04c380a5f210,4776.14,USD,,"[{""id"": ""02531940-23ce-474c-ad81-537cf6dcc496"", ""remote_id"": ""PMLN-C01EAF76"", ""applied_amount"": 4776.14, ""applied_date"": ""2025-07-16"", ""related_object_id"": ""4ceacd28-f0be-4879-8918-11926bf29b3e"", ""related_object_type"": ""INVOICE""}]",False
38344447-c305-4e14-8a91-63875537ca98,PMT-E3E85572,2026-03-03T17:36:55.719470Z,2026-03-03T17:36:55.719470Z,2025-07-31,7e5afbb5-515e-4d81-b205-7ebe78472f72,aa38bf8d-b4d1-49f1-94dc-04c380a5f210,3659.87,USD,,"[{""id"": ""47c80a35-8226-4505-8582-9727ceb67ec7"", ""remote_id"": ""PMLN-89EE5DC2"", ""applied_amount"": 3659.87, ""applied_date"": ""2025-07-31"", ""related_object_id"": ""385c7c11-92a8-4a44-8af8-991f4bde5df4"", ""related_object_type"": ""INVOICE""}]",False
411c2182-b729-4524-ac16-813e073ee6a7,PMT-B3447F9A,2026-03-03T17:36:55.719470Z,2026-03-03T17:36:55.719470Z,2025-07-31,ccb27e9d-6e90-421d-ab5c-554f9a2becfb,aa38bf8d-b4d1-49f1-94dc-04c380a5f210,2060.45,USD,,"[{""id"": ""b55aea51-84af-4093-b29f-81c4f579fb58"", ""remote_id"": ""PMLN-6BE3F192"", ""applied_amount"": 2060.45, ""applied_date"": ""2025-07-31"", ""related_object_id"": ""fa7a9b41-e748-4cc3-9317-28bc55577238"", ""related_object_type"": ""INVOICE""}]",False
d3cb4b36-0373-4029-9fd3-2a85ccd4693d,PMT-65FFD25E,2026-03-03T17:36:55.719470Z,2026-03-03T17:36:55.719470Z,2025-07-31,e8e6844b-137d-451e-8c24-70b33874b6a4,aa38bf8d-b4d1-49f1-94dc-04c380a5f210,2233.0,USD,,"[{""id"": ""f4a78fd8-8d5e-4ac0-b046-deecf35e846f"", ""remote_id"": ""PMLN-0B4E13CC"", ""applied_amount"": 2233.0, ""applied_date"": ""2025-07-31"", ""related_object_id"": ""2df1307f-13b4-4a3c-b4de-bc8915d77ac6"", ""related_object_type"": ""INVOICE""}]",False
1d5fb413-a187-47ae-8d7b-63242ff9f159,PMT-33F86F15,2026-03-03T17:36:55.719470Z,2026-03-03T17:36:55.719470Z,2025-07-16,c4c4989e-ddd9-4ef7-942b-275fb27c892f,aa38bf8d-b4d1-49f1-94dc-04c380a5f210,1500.0,USD,,"[{""id"": ""2f479059-c134-4b48-8de3-bf4880070f93"", ""remote_id"": ""PMLN-77478EDD"", ""applied_amount"": 1500.0, ""applied_date"": ""2025-07-16"", ""related_object_id"": ""a203b820-9703-41f4-8e85-b6fdf61ddbb5"", ""related_object_type"": ""INVOICE""}]",False
c4a6fb37-7a59-4579-bf55-054d1d2e6085,PMT-D68AE30B,2026-03-03T17:36:55.719470Z,2026-03-03T17:36:55.719470Z,2025-08-31,9b37ae3b-3ca9-45e0-ab74-3643c7d1f0f7,aa38bf8d-b4d1-49f1-94dc-04c380a5f210,8618.27,USD,,"[{""id"": ""a5501488-4c97-4b64-8212-2f73c8974d1e"", ""remote_id"": ""PMLN-CC378B0A"", ""applied_amount"": 8618.27, ""applied_date"": ""2025-08-31"", ""related_object_id"": ""6356cb4c-957b-4b04-b993-031c6be02b67"", ""related_object_type"": ""INVOICE""}]",False
5fc924cc-7909-4435-aa73-efbb6ddbdc81,PMT-3A67C941,2026-03-03T17:36:55.719470Z,2026-03-03T17:36:55.719470Z,2025-08-16,1712da98-5432-44ec-84c1-2c7e471648c6,aa38bf8d-b4d1-49f1-94dc-04c380a5f210,4847.78,USD,,"[{""id"": ""ba8b6191-ed2b-4526-8094-c5b7b5677089"", ""remote_id"": ""PMLN-7A625087"", ""applied_amount"": 4847.78, ""applied_date"": ""2025-08-16"", ""related_object_id"": ""00c78a65-f8cc-4306-a46c-77cb7c687bbc"", ""related_object_type"": ""INVOICE""}]",False
63598d86-6f52-42b2-8de5-80db8ed1d07a,PMT-92F49827,2026-03-03T17:36:55.719470Z,2026-03-03T17:36:55.719470Z,2025-09-11,7e5afbb5-515e-4d81-b205-7ebe78472f72,aa38bf8d-b4d1-49f1-94dc-04c380a5f210,3714.77,USD,,"[{""id"": ""71048fab-2ce3-4e81-aa4c-4191f8065a27"", ""remote_id"": ""PMLN-0CC4D5E0"", ""applied_amount"": 3714.77, ""applied_date"": ""2025-09-11"", ""related_object_id"": ""1e2dfa9c-954d-4293-b1f9-720252029b13"", ""related_object_type"": ""INVOICE""}]",False
8b34301f-b3c9-4fba-aed7-2c86e90258cc,PMT-1BD93246,2026-03-03T17:36:55.719470Z,2026-03-03T17:36:55.719470Z,2025-09-10,ccb27e9d-6e90-421d-ab5c-554f9a2becfb,aa38bf8d-b4d1-49f1-94dc-04c380a5f210,2091.36,USD,,"[{""id"": ""a95d524f-ceff-48f6-9f77-9765dc9af187"", ""remote_id"": ""PMLN-5A0040F5"", ""applied_amount"": 2091.36, ""applied_date"": ""2025-09-10"", ""related_object_id"": ""75e895fa-0d1a-4965-a7b8-84a4d8b673b3"", ""related_object_type"": ""INVOICE""}]",False
e5cb6d9c-00f1-40fe-96ea-195a5477837f,PMT-76576EAD,2026-03-03T17:36:55.719470Z,2026-03-03T17:36:55.719470Z,2025-08-31,e8e6844b-137d-451e-8c24-70b33874b6a4,aa38bf8d-b4d1-49f1-94dc-04c380a5f210,2266.49,USD,,"[{""id"": ""a36321a4-b8e7-4f04-9bcb-391fffbe71d2"", ""remote_id"": ""PMLN-1B249701"", ""applied_amount"": 2266.49, ""applied_date"": ""2025-08-31"", ""related_object_id"": ""f3f7b1a0-b049-446f-8513-3f2aa262c177"", ""related_object_type"": ""INVOICE""}]",False
6288afb6-d4f7-4cab-b34a-a6b5c294ba70,PMT-5D053C46,2026-03-03T17:36:55.719470Z,2026-03-03T17:36:55.719470Z,2025-08-16,c4c4989e-ddd9-4ef7-942b-275fb27c892f,aa38bf8d-b4d1-49f1-94dc-04c380a5f210,1522.5,USD,,"[{""id"": ""72867c2e-7373-4500-9d31-eff494192b61"", ""remote_id"": ""PMLN-9EACDB81"", ""applied_amount"": 1522.5, ""applied_date"": ""2025-08-16"", ""related_object_id"": ""82b22a2e-e7ef-4624-a616-f7df98312129"", ""related_object_type"": ""INVOICE""}]",False
6809ba9c-9632-4d7a-8e94-b98513aecfd1,PMT-654D861B,2026-03-03T17:36:55.719470Z,2026-03-03T17:36:55.719470Z,2025-08-31,bd7e7a4a-35f7-4f91-8a8c-9ec0add90eb5,aa38bf8d-b4d1-49f1-94dc-04c380a5f210,36000.0,USD,,"[{""id"": ""b8f0dc47-d2f9-407f-b60d-b11d41c8a2f6"", ""remote_id"": ""PMLN-B9844F7B"", ""applied_amount"": 36000.0, ""applied_date"": ""2025-08-31"", ""related_object_id"": ""23539def-7ed9-4e8a-944e-836a9c86caa0"", ""related_object_type"": ""INVOICE""}]",False
b7a590b8-33f1-4230-b48c-663fb19073b9,PMT-3F1EBB72,2026-03-03T17:36:55.719470Z,2026-03-03T17:36:55.719470Z,2025-10-01,9b37ae3b-3ca9-45e0-ab74-3643c7d1f0f7,aa38bf8d-b4d1-49f1-94dc-04c380a5f210,8747.55,USD,,"[{""id"": ""3da8203d-4ad0-4214-8224-da9fd48a773a"", ""remote_id"": ""PMLN-4A6C6A6E"", ""applied_amount"": 8747.55, ""applied_date"": ""2025-10-01"", ""related_object_id"": ""bd6cbfe3-8508-4b30-bdbd-0d49c7d073ba"", ""related_object_type"": ""INVOICE""}]",False
4e23d8ab-2063-448b-9d69-91eafb5b8473,PMT-3B181047,2026-03-03T17:36:55.719470Z,2026-03-03T17:36:55.719470Z,2025-09-16,1712da98-5432-44ec-84c1-2c7e471648c6,aa38bf8d-b4d1-49f1-94dc-04c380a5f210,4920.49,USD,,"[{""id"": ""1df8e647-becc-4d7a-8c48-605f3d728fbc"", ""remote_id"": ""PMLN-EF0799A3"", ""applied_amount"": 4920.49, ""applied_date"": ""2025-09-16"", ""related_object_id"": ""8df747e3-74e9-4f07-9468-28ecbb149d27"", ""related_object_type"": ""INVOICE""}]",False
b8e2ff63-650d-4290-ab5f-573449f5b09a,PMT-2C68F7B9,2026-03-03T17:36:55.719470Z,2026-03-03T17:36:55.719470Z,2025-10-01,7e5afbb5-515e-4d81-b205-7ebe78472f72,aa38bf8d-b4d1-49f1-94dc-04c380a5f210,3770.49,USD,,"[{""id"": ""9d1862d9-468c-4c81-a870-480c042b7456"", ""remote_id"": ""PMLN-11DA3218"", ""applied_amount"": 3770.49, ""applied_date"": ""2025-10-01"", ""related_object_id"": ""e7689166-de73-4069-abbf-2af78ffb96d6"", ""related_object_type"": ""INVOICE""}]",False
07166ab2-556b-4baa-9884-51bf997ac9ce,PMT-3365F0B6,2026-03-03T17:36:55.719470Z,2026-03-03T17:36:55.719470Z,2025-10-01,ccb27e9d-6e90-421d-ab5c-554f9a2becfb,aa38bf8d-b4d1-49f1-94dc-04c380a5f210,2122.73,USD,,"[{""id"": ""42996f37-8cf5-4995-999c-76391d0bea2b"", ""remote_id"": ""PMLN-AD93791C"", ""applied_amount"": 2122.73, ""applied_date"": ""2025-10-01"", ""related_object_id"": ""45eb825e-e70d-477f-b924-73e7cfab1c75"", ""related_object_type"": ""INVOICE""}]",False
899caf97-a74c-4dae-b70c-2c5ed8e55a15,PMT-C2D1618B,2026-03-03T17:36:55.719470Z,2026-03-03T17:36:55.719470Z,2025-10-01,e8e6844b-137d-451e-8c24-70b33874b6a4,aa38bf8d-b4d1-49f1-94dc-04c380a5f210,2300.49,USD,,"[{""id"": ""b82135cd-3cbe-4a3b-92f9-884cb69be52a"", ""remote_id"": ""PMLN-8AA2CD1A"", ""applied_amount"": 2300.49, ""applied_date"": ""2025-10-01"", ""related_object_id"": ""5bc919ac-c0d3-47b0-8404-c8c057470a72"", ""related_object_type"": ""INVOICE""}]",False
8522a17f-96bf-4d59-a9c0-4820ee9e7c11,PMT-9DAEFC53,2026-03-03T17:36:55.719470Z,2026-03-03T17:36:55.719470Z,2025-09-16,c4c4989e-ddd9-4ef7-942b-275fb27c892f,aa38bf8d-b4d1-49f1-94dc-04c380a5f210,1545.34,USD,,"[{""id"": ""c6a71af4-e702-4ac2-8a20-d004ac8feb07"", ""remote_id"": ""PMLN-204BBA68"", ""applied_amount"": 1545.34, ""applied_date"": ""2025-09-16"", ""related_object_id"": ""435a0e58-513b-4877-91d7-78ab1398f98c"", ""related_object_type"": ""INVOICE""}]",False
bf8a1e9e-e6e2-4e09-94c3-ae859c5d7a58,PMT-974682BD,2026-03-03T17:36:55.719470Z,2026-03-03T17:36:55.719470Z,2025-10-31,9b37ae3b-3ca9-45e0-ab74-3643c7d1f0f7,aa38bf8d-b4d1-49f1-94dc-04c380a5f210,8878.76,USD,,"[{""id"": ""0ea4cd8d-3835-4c8f-b591-561fd158be35"", ""remote_id"": ""PMLN-DC156357"", ""applied_amount"": 8878.76, ""applied_date"": ""2025-10-31"", ""related_object_id"": ""0cd1a32a-ab44-41e5-a500-c63635109668"", ""related_object_type"": ""INVOICE""}]",False
57d5f66c-8a50-462a-875f-855a44c67653,PMT-C974A4DE,2026-03-03T17:36:55.719470Z,2026-03-03T17:36:55.719470Z,2025-10-16,1712da98-5432-44ec-84c1-2c7e471648c6,aa38bf8d-b4d1-49f1-94dc-04c380a5f210,4994.3,USD,,"[{""id"": ""dbf39afa-8742-46c9-bafb-cd6b84eca0de"", ""remote_id"": ""PMLN-E6851631"", ""applied_amount"": 4994.3, ""applied_date"": ""2025-10-16"", ""related_object_id"": ""89985a60-3f43-4dbf-9621-5b283802ac60"", ""related_object_type"": ""INVOICE""}]",False
f85fd30a-a0ec-4e82-a5c1-d5bd324d91a0,PMT-3F855AC1,2026-03-03T17:36:55.719470Z,2026-03-03T17:36:55.719470Z,2025-10-31,7e5afbb5-515e-4d81-b205-7ebe78472f72,aa38bf8d-b4d1-49f1-94dc-04c380a5f210,3827.05,USD,,"[{""id"": ""f6a35ea8-c9c7-466c-9064-69bc0a9ac470"", ""remote_id"": ""PMLN-99F93BD8"", ""applied_amount"": 3827.05, ""applied_date"": ""2025-10-31"", ""related_object_id"": ""ffc03429-5074-41f0-9fb3-b334556cce78"", ""related_object_type"": ""INVOICE""}]",False
ce390bf0-0b06-4229-80d9-03ab988e4314,PMT-48A5EA6A,2026-03-03T17:36:55.719470Z,2026-03-03T17:36:55.719470Z,2025-11-08,ccb27e9d-6e90-421d-ab5c-554f9a2becfb,aa38bf8d-b4d1-49f1-94dc-04c380a5f210,2154.57,USD,,"[{""id"": ""2898e9bd-e5a4-41a7-874d-d92f4e8ac52e"", ""remote_id"": ""PMLN-EA110EBF"", ""applied_amount"": 2154.57, ""applied_date"": ""2025-11-08"", ""related_object_id"": ""b741e620-cd05-4d5f-88ca-9a727194c55c"", ""related_object_type"": ""INVOICE""}]",False
d112a68d-8e81-4899-9364-48fe9d1f9bd8,PMT-75A020A9,2026-03-03T17:36:55.719470Z,2026-03-03T17:36:55.719470Z,2025-10-31,e8e6844b-137d-451e-8c24-70b33874b6a4,aa38bf8d-b4d1-49f1-94dc-04c380a5f210,2335.0,USD,,"[{""id"": ""f58c4a74-2c80-435c-ab4b-278342d38b64"", ""remote_id"": ""PMLN-7D15035C"", ""applied_amount"": 2335.0, ""applied_date"": ""2025-10-31"", ""related_object_id"": ""7a00beb8-abe1-4169-949b-bc26edf0bc49"", ""related_object_type"": ""INVOICE""}]",False
d9ac36ec-de5e-49bd-94bb-d097884ece11,PMT-2E52AF65,2026-03-03T17:36:55.719470Z,2026-03-03T17:36:55.719470Z,2025-10-16,c4c4989e-ddd9-4ef7-942b-275fb27c892f,aa38bf8d-b4d1-49f1-94dc-04c380a5f210,1568.52,USD,,"[{""id"": ""3ae970ea-3a1c-4be2-ae9c-58c7493634de"", ""remote_id"": ""PMLN-7A02DE62"", ""applied_amount"": 1568.52, ""applied_date"": ""2025-10-16"", ""related_object_id"": ""101ad57c-4603-4699-93ad-345dede6e6b1"", ""related_object_type"": ""INVOICE""}]",False
fc949a32-69fd-4f95-bc32-123a610f9cc4,PMT-B9E859D3,2026-03-03T17:36:55.719470Z,2026-03-03T17:36:55.719470Z,2025-10-31,9f9d9d4f-b8c0-4c6b-8d0f-12fd464fea0f,aa38bf8d-b4d1-49f1-94dc-04c380a5f210,1800.0,USD,,"[{""id"": ""681cebbe-6526-4b95-a298-71c4358668da"", ""remote_id"": ""PMLN-476F78BF"", ""applied_amount"": 1800.0, ""applied_date"": ""2025-10-31"", ""related_object_id"": ""dd491cc1-d043-407c-a537-c9827d0210d7"", ""related_object_type"": ""INVOICE""}]",False
925f9985-1b42-44e3-8492-dc2f81f0ec8a,PMT-D73DB69C,2026-03-03T17:36:55.719470Z,2026-03-03T17:36:55.719470Z,2025-12-01,9b37ae3b-3ca9-45e0-ab74-3643c7d1f0f7,aa38bf8d-b4d1-49f1-94dc-04c380a5f210,9011.94,USD,,"[{""id"": ""5b202264-c3ef-497a-9623-15b8b6c555a3"", ""remote_id"": ""PMLN-D9CF4779"", ""applied_amount"": 9011.94, ""applied_date"": ""2025-12-01"", ""related_object_id"": ""a86e6c39-f731-4822-b4ae-1bccdb16091b"", ""related_object_type"": ""INVOICE""}]",False
33d95f78-4eb8-4497-b046-f7024a89b3ce,PMT-935748A0,2026-03-03T17:36:55.719470Z,2026-03-03T17:36:55.719470Z,2025-11-16,1712da98-5432-44ec-84c1-2c7e471648c6,aa38bf8d-b4d1-49f1-94dc-04c380a5f210,5069.22,USD,,"[{""id"": ""8cd9b996-8641-4dbb-adbc-f646bb30f503"", ""remote_id"": ""PMLN-3F31632D"", ""applied_amount"": 5069.22, ""applied_date"": ""2025-11-16"", ""related_object_id"": ""b11a0ea6-2244-4320-bf70-7d4e0cc31d76"", ""related_object_type"": ""INVOICE""}]",False
94399023-b62c-4a9a-905a-f57c2d481f4c,PMT-A9BD93AA,2026-03-03T17:36:55.719470Z,2026-03-03T17:36:55.719470Z,2025-12-01,7e5afbb5-515e-4d81-b205-7ebe78472f72,aa38bf8d-b4d1-49f1-94dc-04c380a5f210,3884.46,USD,,"[{""id"": ""5ad973b8-0059-42f0-b743-1bd470ce63df"", ""remote_id"": ""PMLN-8BF34E59"", ""applied_amount"": 3884.46, ""applied_date"": ""2025-12-01"", ""related_object_id"": ""2a8868d8-894c-46c4-a345-b4c5dcfbb156"", ""related_object_type"": ""INVOICE""}]",False
34e73965-b0cf-4a72-8789-b66ae655dc67,PMT-6648F498,2026-03-03T17:36:55.719470Z,2026-03-03T17:36:55.719470Z,2025-12-01,ccb27e9d-6e90-421d-ab5c-554f9a2becfb,aa38bf8d-b4d1-49f1-94dc-04c380a5f210,2186.89,USD,,"[{""id"": ""92c597c8-41d3-4bd6-bb23-b95a63905e97"", ""remote_id"": ""PMLN-DBFC6276"", ""applied_amount"": 2186.89, ""applied_date"": ""2025-12-01"", ""related_object_id"": ""0146d25c-6303-4d71-aa7f-db4b7d749343"", ""related_object_type"": ""INVOICE""}]",False
c65e7830-ecea-40c9-94a5-07d7e89cf9aa,PMT-63CFD4AD,2026-03-03T17:36:55.719470Z,2026-03-03T17:36:55.719470Z,2025-12-01,e8e6844b-137d-451e-8c24-70b33874b6a4,aa38bf8d-b4d1-49f1-94dc-04c380a5f210,2370.02,USD,,"[{""id"": ""fce52ec3-8e7d-4293-bfba-386c3c08558e"", ""remote_id"": ""PMLN-9C8D035B"", ""applied_amount"": 2370.02, ""applied_date"": ""2025-12-01"", ""related_object_id"": ""50e30294-277b-4ea4-9a92-1ad1fb2a8633"", ""related_object_type"": ""INVOICE""}]",False
a52f4520-af73-4429-b59c-7dc02e9529d8,PMT-669B383D,2026-03-03T17:36:55.719470Z,2026-03-03T17:36:55.719470Z,2025-11-16,c4c4989e-ddd9-4ef7-942b-275fb27c892f,aa38bf8d-b4d1-49f1-94dc-04c380a5f210,1592.05,USD,,"[{""id"": ""c47af652-05d3-4849-9ebe-346fd0a053b2"", ""remote_id"": ""PMLN-C258FC8F"", ""applied_amount"": 1592.05, ""applied_date"": ""2025-11-16"", ""related_object_id"": ""2ee0f422-c8c9-412f-bc20-ae193c972de1"", ""related_object_type"": ""INVOICE""}]",False
20993f3f-1a7d-433f-adfc-7500e3f089ff,PMT-AFF45550,2026-03-03T17:36:55.719470Z,2026-03-03T17:36:55.719470Z,2025-12-01,9f9d9d4f-b8c0-4c6b-8d0f-12fd464fea0f,aa38bf8d-b4d1-49f1-94dc-04c380a5f210,1827.0,USD,,"[{""id"": ""7e99869b-8798-41dc-bdb5-48eb4ab3803b"", ""remote_id"": ""PMLN-74530F89"", ""applied_amount"": 1827.0, ""applied_date"": ""2025-12-01"", ""related_object_id"": ""aa38de2e-8db0-4ab4-bcba-005506bb3b64"", ""related_object_type"": ""INVOICE""}]",False
fee95738-4ec2-4a2d-8551-aea70ab25740,PMT-93CC5DF6,2026-03-03T17:36:55.719470Z,2026-03-03T17:36:55.719470Z,2025-12-31,9b37ae3b-3ca9-45e0-ab74-3643c7d1f0f7,aa38bf8d-b4d1-49f1-94dc-04c380a5f210,9147.12,USD,,"[{""id"": ""48b41346-10c8-4214-a933-602b7824790f"", ""remote_id"": ""PMLN-F25FCA0F"", ""applied_amount"": 9147.12, ""applied_date"": ""2025-12-31"", ""related_object_id"": ""725f2189-824a-4ee8-af0a-4e4f1d1a821d"", ""related_object_type"": ""INVOICE""}]",False
a3c4f1a8-01cf-40d6-9e3a-6f1b9c2b0c72,PMT-3F1553F3,2026-03-03T17:36:55.719470Z,2026-03-03T17:36:55.719470Z,2025-12-16,1712da98-5432-44ec-84c1-2c7e471648c6,aa38bf8d-b4d1-49f1-94dc-04c380a5f210,5145.25,USD,,"[{""id"": ""69761e07-4822-4350-a594-93e35d9d580e"", ""remote_id"": ""PMLN-17692427"", ""applied_amount"": 5145.25, ""applied_date"": ""2025-12-16"", ""related_object_id"": ""0e8e90e9-ccbf-4874-9f96-0ea9b473ace1"", ""related_object_type"": ""INVOICE""}]",False
04eaeb36-ea93-4bfe-82c2-240693d8bd25,PMT-A762360D,2026-03-03T17:36:55.719470Z,2026-03-03T17:36:55.719470Z,2026-01-15,7e5afbb5-515e-4d81-b205-7ebe78472f72,aa38bf8d-b4d1-49f1-94dc-04c380a5f210,3942.72,USD,,"[{""id"": ""89284887-27db-40ef-a301-3885007cf68d"", ""remote_id"": ""PMLN-78DD6663"", ""applied_amount"": 3942.72, ""applied_date"": ""2026-01-15"", ""related_object_id"": ""4343ea50-0626-4594-9048-c7808d651079"", ""related_object_type"": ""INVOICE""}]",False
a6952185-3af2-41d4-a955-c47a2d3bbf8c,PMT-53D06AAC,2026-03-03T17:36:55.719470Z,2026-03-03T17:36:55.719470Z,2025-12-31,ccb27e9d-6e90-421d-ab5c-554f9a2becfb,aa38bf8d-b4d1-49f1-94dc-04c380a5f210,2219.69,USD,,"[{""id"": ""515f61ec-4f5b-4d3e-83d5-69180e690beb"", ""remote_id"": ""PMLN-832084F6"", ""applied_amount"": 2219.69, ""applied_date"": ""2025-12-31"", ""related_object_id"": ""78a14576-dfaa-4b8b-bce6-6696a54a17e0"", ""related_object_type"": ""INVOICE""}]",False
c621fb2c-ceac-47a7-9397-290a67f3c9ec,PMT-A45EAABE,2026-03-03T17:36:55.719470Z,2026-03-03T17:36:55.719470Z,2025-12-31,e8e6844b-137d-451e-8c24-70b33874b6a4,aa38bf8d-b4d1-49f1-94dc-04c380a5f210,2405.58,USD,,"[{""id"": ""9d2508cf-3a06-4498-a23d-9ef2c874b2df"", ""remote_id"": ""PMLN-70695008"", ""applied_amount"": 2405.58, ""applied_date"": ""2025-12-31"", ""related_object_id"": ""298914ec-9c19-4b6e-8687-6effe553a41f"", ""related_object_type"": ""INVOICE""}]",False
1bf8777c-5515-483a-8b22-06c3239b42a2,PMT-4302DED5,2026-03-03T17:36:55.719470Z,2026-03-03T17:36:55.719470Z,2025-12-16,c4c4989e-ddd9-4ef7-942b-275fb27c892f,aa38bf8d-b4d1-49f1-94dc-04c380a5f210,1615.93,USD,,"[{""id"": ""cfc42b0a-a3ac-4ce9-8c54-304096fe6a90"", ""remote_id"": ""PMLN-06E741B9"", ""applied_amount"": 1615.93, ""applied_date"": ""2025-12-16"", ""related_object_id"": ""c1f37f04-2300-4f72-aae6-6b43fa492f9d"", ""related_object_type"": ""INVOICE""}]",False
e5bafda9-0688-4181-b0d6-a2dac7536684,PMT-DCEDC977,2026-03-03T17:36:55.719470Z,2026-03-03T17:36:55.719470Z,2025-12-31,9f9d9d4f-b8c0-4c6b-8d0f-12fd464fea0f,aa38bf8d-b4d1-49f1-94dc-04c380a5f210,1854.4,USD,,"[{""id"": ""affbd6ba-01d1-42ee-9182-c0d97dfd94f7"", ""remote_id"": ""PMLN-A66EF8E5"", ""applied_amount"": 1854.4, ""applied_date"": ""2025-12-31"", ""related_object_id"": ""4931cae4-f1b0-42ba-952f-4ed22c3ededb"", ""related_object_type"": ""INVOICE""}]",False
602de77c-37fb-4696-810a-0ec4ccb51ff2,PMT-8B3B6A90,2026-03-03T17:36:55.719470Z,2026-03-03T17:36:55.719470Z,2026-01-16,1712da98-5432-44ec-84c1-2c7e471648c6,aa38bf8d-b4d1-49f1-94dc-04c380a5f210,5222.43,USD,,"[{""id"": ""50a519bf-6b8c-4141-8047-f97e2c7040d3"", ""remote_id"": ""PMLN-EFF904D2"", ""applied_amount"": 5222.43, ""applied_date"": ""2026-01-16"", ""related_object_id"": ""8ba48c31-d1f7-42c8-a0e8-acd7ee04290a"", ""related_object_type"": ""INVOICE""}]",False
380d75f4-ff34-4841-93b5-5e413a4842b5,PMT-3C6887D7,2026-03-03T17:36:55.719470Z,2026-03-03T17:36:55.719470Z,2026-01-31,7e5afbb5-515e-4d81-b205-7ebe78472f72,aa38bf8d-b4d1-49f1-94dc-04c380a5f210,4001.86,USD,,"[{""id"": ""dfc2b821-5987-4f3c-b188-bedd0e74dffe"", ""remote_id"": ""PMLN-CBF92AE0"", ""applied_amount"": 4001.86, ""applied_date"": ""2026-01-31"", ""related_object_id"": ""1571b1d8-1e26-4572-a694-d3f220629469"", ""related_object_type"": ""INVOICE""}]",False
61187715-ea16-4f9f-bf71-fed3842afdc2,PMT-49C3D7E0,2026-03-03T17:36:55.719470Z,2026-03-03T17:36:55.719470Z,2026-01-31,ccb27e9d-6e90-421d-ab5c-554f9a2becfb,aa38bf8d-b4d1-49f1-94dc-04c380a5f210,2252.99,USD,,"[{""id"": ""32ab1635-1fae-41f5-9514-e04ca48b97fe"", ""remote_id"": ""PMLN-DF2C8F6F"", ""applied_amount"": 2252.99, ""applied_date"": ""2026-01-31"", ""related_object_id"": ""35749c87-9925-4faf-9905-257ca7f2cf94"", ""related_object_type"": ""INVOICE""}]",False
f0835240-7954-42d5-9252-5a9cd9827c62,PMT-BA7E53FB,2026-03-03T17:36:55.719470Z,2026-03-03T17:36:55.719470Z,2026-01-31,e8e6844b-137d-451e-8c24-70b33874b6a4,aa38bf8d-b4d1-49f1-94dc-04c380a5f210,2441.66,USD,,"[{""id"": ""e5acf3a8-a9cf-421d-bf97-f519a8e6cfc3"", ""remote_id"": ""PMLN-DEA61CA5"", ""applied_amount"": 2441.66, ""applied_date"": ""2026-01-31"", ""related_object_id"": ""090ec9b3-76d9-4eaf-97d5-9c53289e6579"", ""related_object_type"": ""INVOICE""}]",False
26e2dd1a-832e-4333-9f44-e4dfa292717d,PMT-57DB4ACD,2026-03-03T17:36:55.719470Z,2026-03-03T17:36:55.719470Z,2026-01-16,c4c4989e-ddd9-4ef7-942b-275fb27c892f,aa38bf8d-b4d1-49f1-94dc-04c380a5f210,1640.16,USD,,"[{""id"": ""e7df395e-4547-4202-a841-dda87fcf8123"", ""remote_id"": ""PMLN-FCFADEF4"", ""applied_amount"": 1640.16, ""applied_date"": ""2026-01-16"", ""related_object_id"": ""be9901bf-0003-423f-a9ac-41f8526e9948"", ""related_object_type"": ""INVOICE""}]",False
068ebf9f-e964-4b20-9ecf-52dba5798a06,PMT-D2A840C1,2026-03-03T17:36:55.719470Z,2026-03-03T17:36:55.719470Z,2026-01-31,9f9d9d4f-b8c0-4c6b-8d0f-12fd464fea0f,aa38bf8d-b4d1-49f1-94dc-04c380a5f210,1882.22,USD,,"[{""id"": ""0ea6516b-89e4-4c2e-817b-ff3cb3d3a15c"", ""remote_id"": ""PMLN-78A7F754"", ""applied_amount"": 1882.22, ""applied_date"": ""2026-01-31"", ""related_object_id"": ""1651ae12-f517-46a0-8ddf-f30d21b7fd51"", ""related_object_type"": ""INVOICE""}]",False
00a3d702-6fa9-4fdf-b3ca-b7a6cf8766d2,PMT-A108B865,2026-03-03T17:36:55.719470Z,2026-03-03T17:36:55.719470Z,2025-04-24,c0d4d401-f604-4efe-80d6-5f7aa42aea18,aa38bf8d-b4d1-49f1-94dc-04c380a5f210,65687.9,USD,,"[{""id"": ""05870905-11c9-49d5-9353-2855118fcac6"", ""remote_id"": ""PMLN-F92B9DAB"", ""applied_amount"": 65687.9, ""applied_date"": ""2025-04-24"", ""related_object_id"": ""71abca07-7558-46fc-8652-7cd3c9f3d1ef"", ""related_object_type"": ""INVOICE""}]",False
cada6120-d57a-4046-ae25-656be1866a86,PMT-FF9CC152,2026-03-03T17:36:55.719470Z,2026-03-03T17:36:55.719470Z,2025-05-16,c0d4d401-f604-4efe-80d6-5f7aa42aea18,aa38bf8d-b4d1-49f1-94dc-04c380a5f210,65882.5,USD,,"[{""id"": ""c981044e-5407-46c6-a431-9d122c41198b"", ""remote_id"": ""PMLN-3174C06F"", ""applied_amount"": 65882.5, ""applied_date"": ""2025-05-16"", ""related_object_id"": ""36d1638a-baf4-4a63-99b9-02b7e54a5890"", ""related_object_type"": ""INVOICE""}]",False
0ee399c2-a736-4fcc-b165-3310ddb65125,PMT-172D22C0,2026-03-03T17:36:55.719470Z,2026-03-03T17:36:55.719470Z,2025-06-14,c0d4d401-f604-4efe-80d6-5f7aa42aea18,aa38bf8d-b4d1-49f1-94dc-04c380a5f210,65592.26,USD,,"[{""id"": ""02334125-40fb-47e5-9606-5b27d6461fe4"", ""remote_id"": ""PMLN-21562D5C"", ""applied_amount"": 65592.26, ""applied_date"": ""2025-06-14"", ""related_object_id"": ""51088f1c-c64f-440f-8c75-b873420da1f0"", ""related_object_type"": ""INVOICE""}]",False
7cf5095d-7006-48a4-9065-007fa6d9c699,PMT-AC7EB116,2026-03-03T17:36:55.719470Z,2026-03-03T17:36:55.719470Z,2025-07-19,c0d4d401-f604-4efe-80d6-5f7aa42aea18,aa38bf8d-b4d1-49f1-94dc-04c380a5f210,80168.63,USD,,"[{""id"": ""96930402-e2ca-425d-81fd-1b6412571964"", ""remote_id"": ""PMLN-2D68F3CD"", ""applied_amount"": 80168.63, ""applied_date"": ""2025-07-19"", ""related_object_id"": ""0d78e8a5-a6c0-47a9-b006-10f4b34b70f4"", ""related_object_type"": ""INVOICE""}]",False
30f7c3e9-4e27-41b2-ae08-c4ebcdd353eb,PMT-2DD499DA,2026-03-03T17:36:55.719470Z,2026-03-03T17:36:55.719470Z,2025-08-17,c0d4d401-f604-4efe-80d6-5f7aa42aea18,aa38bf8d-b4d1-49f1-94dc-04c380a5f210,79659.54,USD,,"[{""id"": ""37d54979-878e-4ef2-a200-f92ef633bdc6"", ""remote_id"": ""PMLN-EA83990C"", ""applied_amount"": 79659.54, ""applied_date"": ""2025-08-17"", ""related_object_id"": ""6a704a86-34bc-4fd7-b05e-55a4c4e43e70"", ""related_object_type"": ""INVOICE""}]",False
95099077-ca98-4df7-8fcd-5721b3de3571,PMT-7472A7A2,2026-03-03T17:36:55.719470Z,2026-03-03T17:36:55.719470Z,2025-09-17,c0d4d401-f604-4efe-80d6-5f7aa42aea18,aa38bf8d-b4d1-49f1-94dc-04c380a5f210,80969.75,USD,,"[{""id"": ""8742b8b9-b6e3-44b3-98db-0d6cbbec0ce0"", ""remote_id"": ""PMLN-90FD4C6C"", ""applied_amount"": 80969.75, ""applied_date"": ""2025-09-17"", ""related_object_id"": ""88997826-7675-4918-805b-45881e95c484"", ""related_object_type"": ""INVOICE""}]",False
fb18b11a-3f32-4f11-a146-c025323b33b2,PMT-7027706B,2026-03-03T17:36:55.719470Z,2026-03-03T17:36:55.719470Z,2025-10-17,c0d4d401-f604-4efe-80d6-5f7aa42aea18,aa38bf8d-b4d1-49f1-94dc-04c380a5f210,92091.14,USD,,"[{""id"": ""d5546c81-6bee-4b10-9d6e-b3030706caab"", ""remote_id"": ""PMLN-4184305D"", ""applied_amount"": 92091.14, ""applied_date"": ""2025-10-17"", ""related_object_id"": ""baff17d4-5178-4ccc-90ff-da6f4b60c189"", ""related_object_type"": ""INVOICE""}]",False
b7d685df-5141-4da3-8189-8e2ede8ead57,PMT-EB910E92,2026-03-03T17:36:55.719470Z,2026-03-03T17:36:55.719470Z,2025-11-15,c0d4d401-f604-4efe-80d6-5f7aa42aea18,aa38bf8d-b4d1-49f1-94dc-04c380a5f210,92342.31,USD,,"[{""id"": ""6963a5b2-8205-4b91-b56e-7ae5f5f1c3bb"", ""remote_id"": ""PMLN-8E87A464"", ""applied_amount"": 92342.31, ""applied_date"": ""2025-11-15"", ""related_object_id"": ""fcbfdf8c-8a42-4b26-8559-1219aa0ab1da"", ""related_object_type"": ""INVOICE""}]",False
f66f44e3-0de3-48d1-8eca-d7203bf4a783,PMT-D84693F9,2026-03-03T17:36:55.719470Z,2026-03-03T17:36:55.719470Z,2025-12-25,c0d4d401-f604-4efe-80d6-5f7aa42aea18,aa38bf8d-b4d1-49f1-94dc-04c380a5f210,91487.07,USD,,"[{""id"": ""42fee738-7df8-4fe2-9259-75c93bf97464"", ""remote_id"": ""PMLN-04A55905"", ""applied_amount"": 91487.07, ""applied_date"": ""2025-12-25"", ""related_object_id"": ""b0c5d121-0150-4084-9474-693eece0f45a"", ""related_object_type"": ""INVOICE""}]",False
ee596c77-76c5-4052-8f87-7b1a1c846961,PMT-FFD21ADA,2026-03-03T17:36:55.719470Z,2026-03-03T17:36:55.720454Z,2026-01-22,c0d4d401-f604-4efe-80d6-5f7aa42aea18,aa38bf8d-b4d1-49f1-94dc-04c380a5f210,117955.92,USD,,"[{""id"": ""f8d20c4a-1bea-4ebb-8795-5ffdab2b4246"", ""remote_id"": ""PMLN-4A9E7D75"", ""applied_amount"": 117955.92, ""applied_date"": ""2026-01-22"", ""related_object_id"": ""00b76706-5ab7-41ed-99d6-6b9e21d9c3e4"", ""related_object_type"": ""INVOICE""}]",False
10a31e16-3fc1-49d0-94fe-2d0d85f8dccf,PMT-AC32C857,2026-03-03T17:36:55.720454Z,2026-03-03T17:36:55.720454Z,2025-05-04,ece2e36d-b879-477a-9369-8308ed7aea79,aa38bf8d-b4d1-49f1-94dc-04c380a5f210,9967.27,USD,,"[{""id"": ""a26c3344-8975-4b4a-9f85-8d0982c1d27e"", ""remote_id"": ""PMLN-472F8635"", ""applied_amount"": 9967.27, ""applied_date"": ""2025-05-04"", ""related_object_id"": ""4ce0ff39-c93c-4f58-a3d3-3a0df4b1c8ef"", ""related_object_type"": ""INVOICE""}]",False
0cf991ab-e476-4bd8-b38f-abf40348e443,PMT-47F7B561,2026-03-03T17:36:55.720454Z,2026-03-03T17:36:55.720454Z,2025-06-11,ece2e36d-b879-477a-9369-8308ed7aea79,aa38bf8d-b4d1-49f1-94dc-04c380a5f210,10474.35,USD,,"[{""id"": ""477b09a8-377d-46b2-aa47-f51cc7f753bf"", ""remote_id"": ""PMLN-2515CE74"", ""applied_amount"": 10474.35, ""applied_date"": ""2025-06-11"", ""related_object_id"": ""be5ecb06-be31-4ef5-afd2-72c0642020f0"", ""related_object_type"": ""INVOICE""}]",False
d5465827-0d5b-4f56-b963-cca25ca87bd9,PMT-C78177EF,2026-03-03T17:36:55.720454Z,2026-03-03T17:36:55.720454Z,2025-07-09,ece2e36d-b879-477a-9369-8308ed7aea79,aa38bf8d-b4d1-49f1-94dc-04c380a5f210,10511.97,USD,,"[{""id"": ""ba6dcc17-5c2d-4efd-81d7-0c87cffcd9fa"", ""remote_id"": ""PMLN-468AF556"", ""applied_amount"": 10511.97, ""applied_date"": ""2025-07-09"", ""related_object_id"": ""8bc7d303-5c67-4132-acdd-7737bfa240f1"", ""related_object_type"": ""INVOICE""}]",False
442a9da7-d434-41da-9383-c3d870379c2a,PMT-72B2F89E,2026-03-03T17:36:55.720454Z,2026-03-03T17:36:55.720454Z,2025-08-02,ece2e36d-b879-477a-9369-8308ed7aea79,aa38bf8d-b4d1-49f1-94dc-04c380a5f210,11307.37,USD,,"[{""id"": ""7ee5b33f-39d2-452b-a62e-2d7d11e7cca0"", ""remote_id"": ""PMLN-28434BE1"", ""applied_amount"": 11307.37, ""applied_date"": ""2025-08-02"", ""related_object_id"": ""4aef6586-b400-4116-9365-7889f9b25261"", ""related_object_type"": ""INVOICE""}]",False
feb99445-6241-4bbc-a204-f4f114985515,PMT-5A435CD7,2026-03-03T17:36:55.720454Z,2026-03-03T17:36:55.720454Z,2025-09-02,ece2e36d-b879-477a-9369-8308ed7aea79,aa38bf8d-b4d1-49f1-94dc-04c380a5f210,11886.16,USD,,"[{""id"": ""fa2c0fe5-2020-4db5-9d0e-2b3c0c2c2afc"", ""remote_id"": ""PMLN-386DE95E"", ""applied_amount"": 11886.16, ""applied_date"": ""2025-09-02"", ""related_object_id"": ""141f0922-bee7-4da4-844c-f3bcdb7bdbfa"", ""related_object_type"": ""INVOICE""}]",False
1061f2eb-577a-4fcb-bdc5-bd145610fc69,PMT-52632886,2026-03-03T17:36:55.720454Z,2026-03-03T17:36:55.720454Z,2025-10-04,ece2e36d-b879-477a-9369-8308ed7aea79,aa38bf8d-b4d1-49f1-94dc-04c380a5f210,12443.51,USD,,"[{""id"": ""0f2e21ec-2609-45cb-91f4-7483f0c71be1"", ""remote_id"": ""PMLN-6143AFCF"", ""applied_amount"": 12443.51, ""applied_date"": ""2025-10-04"", ""related_object_id"": ""7cd9cef4-38e7-4882-8ad7-b9ce7a12a4ef"", ""related_object_type"": ""INVOICE""}]",False
0750493b-c636-4266-b830-5ee4b0e0f08b,PMT-C4772290,2026-03-03T17:36:55.720454Z,2026-03-03T17:36:55.720454Z,2025-11-05,ece2e36d-b879-477a-9369-8308ed7aea79,aa38bf8d-b4d1-49f1-94dc-04c380a5f210,12889.39,USD,,"[{""id"": ""1ef51949-723c-43db-9c22-28952c2d42ab"", ""remote_id"": ""PMLN-FBDBBCE3"", ""applied_amount"": 12889.39, ""applied_date"": ""2025-11-05"", ""related_object_id"": ""c702b4e1-92d0-402d-9fed-8150111a6473"", ""related_object_type"": ""INVOICE""}]",False
f58fe4b2-1027-4415-8548-a712412566b5,PMT-D2AE73D0,2026-03-03T17:36:55.720454Z,2026-03-03T17:36:55.720454Z,2025-12-06,ece2e36d-b879-477a-9369-8308ed7aea79,aa38bf8d-b4d1-49f1-94dc-04c380a5f210,18245,USD,,"[{""id"": ""6c2c5644-1693-45ef-9145-12a44eef57cf"", ""remote_id"": ""PMLN-C5F0CB92"", ""applied_amount"": 18245, ""applied_date"": ""2025-12-06"", ""related_object_id"": ""15a9d4b5-488d-40c7-ab93-0dd1f39c37be"", ""related_object_type"": ""INVOICE""}]",False
90a10bfd-7b20-490c-8fb6-ab3b2f98fa25,PMT-4E5B2A3A,2026-03-03T17:36:55.720454Z,2026-03-03T17:36:55.720454Z,2026-01-10,ece2e36d-b879-477a-9369-8308ed7aea79,aa38bf8d-b4d1-49f1-94dc-04c380a5f210,13756.87,USD,,"[{""id"": ""f00d86a7-df9c-42d1-b48a-b343a960373b"", ""remote_id"": ""PMLN-C964DBD5"", ""applied_amount"": 13756.87, ""applied_date"": ""2026-01-10"", ""related_object_id"": ""a383d72c-723f-4872-b0bc-59de7eaa939f"", ""related_object_type"": ""INVOICE""}]",False
015a3a88-bd06-4e9d-b15c-8df815a14cef,PMT-59704225,2026-03-03T17:36:55.720454Z,2026-03-03T17:36:55.720454Z,2025-04-09,b35e0079-e233-422e-a543-c0c2f9837d3b,aa38bf8d-b4d1-49f1-94dc-04c380a5f210,3500,USD,,"[{""id"": ""2d340432-6cb1-4105-bef2-83264a38256a"", ""remote_id"": ""PMLN-12734D79"", ""applied_amount"": 3500, ""applied_date"": ""2025-04-09"", ""related_object_id"": ""3f614582-4f08-4a72-a77e-6f6fba8da6e8"", ""related_object_type"": ""INVOICE""}]",False
2d8a25a4-d538-4318-a5ea-be276dd0e8ce,PMT-473EBDFB,2026-03-03T17:36:55.720454Z,2026-03-03T17:36:55.720454Z,2025-04-01,ed95c9da-804d-436f-9ef5-d4a3dd2b971f,aa38bf8d-b4d1-49f1-94dc-04c380a5f210,1500,USD,,"[{""id"": ""7e62924f-eb24-42cd-bc3a-fcb180be0f6d"", ""remote_id"": ""PMLN-30FC173E"", ""applied_amount"": 1500, ""applied_date"": ""2025-04-01"", ""related_object_id"": ""3e40492e-f795-44d5-918f-fc7f1f3fab4c"", ""related_object_type"": ""INVOICE""}]",False
15722304-4f2b-4648-9248-4b1b4f59bfe4,PMT-E6A75DCC,2026-03-03T17:36:55.720454Z,2026-03-03T17:36:55.720454Z,2025-04-08,f08ec80a-eaf6-427b-8ff9-c5f9016127f0,aa38bf8d-b4d1-49f1-94dc-04c380a5f210,800,USD,,"[{""id"": ""d5386106-3b79-4d47-9a78-b0d036784f6c"", ""remote_id"": ""PMLN-1EEDF322"", ""applied_amount"": 800, ""applied_date"": ""2025-04-08"", ""related_object_id"": ""d56747e0-1b4d-4378-bbf8-ae240d3a7edb"", ""related_object_type"": ""INVOICE""}]",False
eb4ef814-7fd8-43f7-8608-9d62aa03085a,PMT-BA118F79,2026-03-03T17:36:55.720454Z,2026-03-03T17:36:55.720454Z,2025-04-19,322deb3c-f969-4c77-b870-0e2a7a23ad6c,aa38bf8d-b4d1-49f1-94dc-04c380a5f210,1195.16,USD,,"[{""id"": ""4bd66457-3458-48ac-803b-648f5515e0fe"", ""remote_id"": ""PMLN-8A7A73D5"", ""applied_amount"": 1195.16, ""applied_date"": ""2025-04-19"", ""related_object_id"": ""bc0bafc8-2a46-4ba2-b005-33d485c86074"", ""related_object_type"": ""INVOICE""}]",False
4406c6ac-86a6-4cfc-ae45-71d5f9687c58,PMT-A142B740,2026-03-03T17:36:55.720454Z,2026-03-03T17:36:55.720454Z,2025-04-27,fa4ed7b1-2263-418d-aa0f-193cfda79411,aa38bf8d-b4d1-49f1-94dc-04c380a5f210,961.97,USD,,"[{""id"": ""31336456-2b59-4196-96b6-e66fa87a54f9"", ""remote_id"": ""PMLN-51F73461"", ""applied_amount"": 961.97, ""applied_date"": ""2025-04-27"", ""related_object_id"": ""a8b3a6c3-ec55-40b1-a29c-ad02c01080a2"", ""related_object_type"": ""INVOICE""}]",False
918e7a0e-9821-47f2-9d6a-3406e3e5c1fe,PMT-22B5C534,2026-03-03T17:36:55.720454Z,2026-03-03T17:36:55.720454Z,2025-05-09,b35e0079-e233-422e-a543-c0c2f9837d3b,aa38bf8d-b4d1-49f1-94dc-04c380a5f210,3500,USD,,"[{""id"": ""1e6a181d-779e-4dbc-9e95-8ef596b2c22b"", ""remote_id"": ""PMLN-73619F7B"", ""applied_amount"": 3500, ""applied_date"": ""2025-05-09"", ""related_object_id"": ""1c4fcd51-2c3c-4ebd-b7ff-2f3743689ae4"", ""related_object_type"": ""INVOICE""}]",False
854b10ad-8c29-4ab2-8671-0f2b0ac7e419,PMT-6DBC5883,2026-03-03T17:36:55.720454Z,2026-03-03T17:36:55.720454Z,2025-05-20,ed95c9da-804d-436f-9ef5-d4a3dd2b971f,aa38bf8d-b4d1-49f1-94dc-04c380a5f210,1500,USD,,"[{""id"": ""b94d3637-b250-488d-bfb9-055cd7c327d3"", ""remote_id"": ""PMLN-E5666B71"", ""applied_amount"": 1500, ""applied_date"": ""2025-05-20"", ""related_object_id"": ""2c354bb9-9897-4dbd-9a40-615a7e809ec9"", ""related_object_type"": ""INVOICE""}]",False
cba1ee14-e65c-4967-a659-abc9a499b62e,PMT-FC990415,2026-03-03T17:36:55.720454Z,2026-03-03T17:36:55.720454Z,2025-05-14,f08ec80a-eaf6-427b-8ff9-c5f9016127f0,aa38bf8d-b4d1-49f1-94dc-04c380a5f210,800,USD,,"[{""id"": ""bf7a48f7-1cb4-4d20-9432-a80a91e897d7"", ""remote_id"": ""PMLN-2E0B46D7"", ""applied_amount"": 800, ""applied_date"": ""2025-05-14"", ""related_object_id"": ""3a236eb9-ddd2-44a0-a724-a12ec5ec0dba"", ""related_object_type"": ""INVOICE""}]",False
902dacbc-8c84-44ef-968b-1e4e9a4bb55f,PMT-4D136CF0,2026-03-03T17:36:55.720454Z,2026-03-03T17:36:55.720454Z,2025-06-01,322deb3c-f969-4c77-b870-0e2a7a23ad6c,aa38bf8d-b4d1-49f1-94dc-04c380a5f210,1109.9,USD,,"[{""id"": ""fff5b41e-4888-4eda-a647-ae1e05d611d6"", ""remote_id"": ""PMLN-991D3091"", ""applied_amount"": 1109.9, ""applied_date"": ""2025-06-01"", ""related_object_id"": ""e703c8a1-b845-4d7f-82f4-1dc766087bac"", ""related_object_type"": ""INVOICE""}]",False
a760395f-bd88-4d9f-ad00-477b90c31add,PMT-0009DB55,2026-03-03T17:36:55.720454Z,2026-03-03T17:36:55.720454Z,2025-05-12,fa4ed7b1-2263-418d-aa0f-193cfda79411,aa38bf8d-b4d1-49f1-94dc-04c380a5f210,703.18,USD,,"[{""id"": ""23460b64-c868-44e5-9cf1-0234f2ad5492"", ""remote_id"": ""PMLN-868ED60E"", ""applied_amount"": 703.18, ""applied_date"": ""2025-05-12"", ""related_object_id"": ""f3cbecaa-8899-4a84-bf7a-a28896f2495f"", ""related_object_type"": ""INVOICE""}]",False
fbaa5a8d-aa3a-4f18-a541-90b9bafb2ef2,PMT-6D3CBC05,2026-03-03T17:36:55.720454Z,2026-03-03T17:36:55.720454Z,2025-06-04,b35e0079-e233-422e-a543-c0c2f9837d3b,aa38bf8d-b4d1-49f1-94dc-04c380a5f210,3500,USD,,"[{""id"": ""c03304ac-cfce-4461-88a4-869a10f27aaf"", ""remote_id"": ""PMLN-736914EB"", ""applied_amount"": 3500, ""applied_date"": ""2025-06-04"", ""related_object_id"": ""7f382793-74ed-4885-8e8c-5d934f092473"", ""related_object_type"": ""INVOICE""}]",False
1ce251a2-91de-4c00-a1bc-e68d90320cf7,PMT-AE38585A,2026-03-03T17:36:55.720454Z,2026-03-03T17:36:55.720454Z,2025-06-17,ed95c9da-804d-436f-9ef5-d4a3dd2b971f,aa38bf8d-b4d1-49f1-94dc-04c380a5f210,1500,USD,,"[{""id"": ""9ba82bfd-72c0-4d6e-8898-dd9cfdb646fc"", ""remote_id"": ""PMLN-A468CE20"", ""applied_amount"": 1500, ""applied_date"": ""2025-06-17"", ""related_object_id"": ""1514980e-9513-4022-831e-4ca6a81c9333"", ""related_object_type"": ""INVOICE""}]",False
846a8210-24ff-4f47-aa83-48a74c51bfd7,PMT-28E978C0,2026-03-03T17:36:55.720454Z,2026-03-03T17:36:55.720454Z,2025-06-11,f08ec80a-eaf6-427b-8ff9-c5f9016127f0,aa38bf8d-b4d1-49f1-94dc-04c380a5f210,800,USD,,"[{""id"": ""aa159c41-5662-4d60-8b16-0c1716f9d036"", ""remote_id"": ""PMLN-6B29D2C0"", ""applied_amount"": 800, ""applied_date"": ""2025-06-11"", ""related_object_id"": ""0f1bec75-af90-4862-8c17-b239d785e21b"", ""related_object_type"": ""INVOICE""}]",False
c8f52afc-33ad-4d1d-a99c-9ba92c0c9840,PMT-481B9C3B,2026-03-03T17:36:55.720454Z,2026-03-03T17:36:55.720454Z,2025-06-17,322deb3c-f969-4c77-b870-0e2a7a23ad6c,aa38bf8d-b4d1-49f1-94dc-04c380a5f210,1735.0,USD,,"[{""id"": ""8e2e3db5-3814-402d-b2b3-0d0b2cd8457d"", ""remote_id"": ""PMLN-CC78FBB1"", ""applied_amount"": 1735.0, ""applied_date"": ""2025-06-17"", ""related_object_id"": ""e80d93ae-015e-46e7-9a91-8f7544b5ce62"", ""related_object_type"": ""INVOICE""}]",False
c6f26530-e554-4b45-8da1-e6da04d73b20,PMT-B2D68E0B,2026-03-03T17:36:55.720454Z,2026-03-03T17:36:55.720454Z,2025-06-27,fa4ed7b1-2263-418d-aa0f-193cfda79411,aa38bf8d-b4d1-49f1-94dc-04c380a5f210,937.92,USD,,"[{""id"": ""36f5458c-247d-4546-8a44-b03a48f9fbda"", ""remote_id"": ""PMLN-F4C0F3B6"", ""applied_amount"": 937.92, ""applied_date"": ""2025-06-27"", ""related_object_id"": ""1d3be2bf-82d3-40df-9e28-e0df84567218"", ""related_object_type"": ""INVOICE""}]",False
d83e874a-3f88-433d-b0c1-2b57f5a80e3a,PMT-9263BBEC,2026-03-03T17:36:55.720454Z,2026-03-03T17:36:55.720454Z,2025-07-05,b35e0079-e233-422e-a543-c0c2f9837d3b,aa38bf8d-b4d1-49f1-94dc-04c380a5f210,3500,USD,,"[{""id"": ""5ae3d74c-2eb5-48bf-b691-11ae802a679c"", ""remote_id"": ""PMLN-77C9D020"", ""applied_amount"": 3500, ""applied_date"": ""2025-07-05"", ""related_object_id"": ""b90d2dd3-38ad-4816-a6bd-f1d164c319a8"", ""related_object_type"": ""INVOICE""}]",False
7d11a080-a0bb-4869-acce-3eb036c1eff0,PMT-3BB90FE7,2026-03-03T17:36:55.720454Z,2026-03-03T17:36:55.720454Z,2025-07-08,ed95c9da-804d-436f-9ef5-d4a3dd2b971f,aa38bf8d-b4d1-49f1-94dc-04c380a5f210,1500,USD,,"[{""id"": ""f61eb2fe-c581-4f29-a948-acb1fdefd2bd"", ""remote_id"": ""PMLN-C950E14B"", ""applied_amount"": 1500, ""applied_date"": ""2025-07-08"", ""related_object_id"": ""1d330d8d-63f1-43b4-bc60-0a59530f9c0e"", ""related_object_type"": ""INVOICE""}]",False
0eb52444-87bd-442a-823c-00356d157322,PMT-20C9072F,2026-03-03T17:36:55.720454Z,2026-03-03T17:36:55.720454Z,2025-07-15,f08ec80a-eaf6-427b-8ff9-c5f9016127f0,aa38bf8d-b4d1-49f1-94dc-04c380a5f210,800,USD,,"[{""id"": ""c291d523-1eaa-43c8-9592-e73a5d42e1dc"", ""remote_id"": ""PMLN-D56F83AB"", ""applied_amount"": 800, ""applied_date"": ""2025-07-15"", ""related_object_id"": ""3061d1c1-62ae-4211-befb-056796d11e9d"", ""related_object_type"": ""INVOICE""}]",False
9a6b736f-6fa0-42d2-896f-a91a0650541b,PMT-06E26B50,2026-03-03T17:36:55.720454Z,2026-03-03T17:36:55.720454Z,2025-07-14,322deb3c-f969-4c77-b870-0e2a7a23ad6c,aa38bf8d-b4d1-49f1-94dc-04c380a5f210,1182.83,USD,,"[{""id"": ""854b0cc2-1f8a-49e2-a9c0-749d8dd39131"", ""remote_id"": ""PMLN-295BFA31"", ""applied_amount"": 1182.83, ""applied_date"": ""2025-07-14"", ""related_object_id"": ""ff5c7ab3-0eef-4256-8a84-cec45c82ed4a"", ""related_object_type"": ""INVOICE""}]",False
cef821cf-e0ea-4f5e-9cda-e4bb7e445610,PMT-21FCE67A,2026-03-03T17:36:55.720454Z,2026-03-03T17:36:55.720454Z,2025-07-23,fa4ed7b1-2263-418d-aa0f-193cfda79411,aa38bf8d-b4d1-49f1-94dc-04c380a5f210,1059.27,USD,,"[{""id"": ""c9e93392-c9d9-4243-bd54-e7c4ca8e6286"", ""remote_id"": ""PMLN-6858FBBA"", ""applied_amount"": 1059.27, ""applied_date"": ""2025-07-23"", ""related_object_id"": ""eba014ea-89d6-4f87-8463-61eebcb7d295"", ""related_object_type"": ""INVOICE""}]",False
fae4477a-1e59-4dec-8b3e-d470c29bd57c,PMT-E50F6885,2026-03-03T17:36:55.720454Z,2026-03-03T17:36:55.720454Z,2025-08-01,b35e0079-e233-422e-a543-c0c2f9837d3b,aa38bf8d-b4d1-49f1-94dc-04c380a5f210,3500,USD,,"[{""id"": ""ad920bcc-79be-42b5-818b-aa490a1136da"", ""remote_id"": ""PMLN-A804FBFE"", ""applied_amount"": 3500, ""applied_date"": ""2025-08-01"", ""related_object_id"": ""87fa5e37-a9c5-4e4e-9046-2f00b45fa10a"", ""related_object_type"": ""INVOICE""}]",False
174978de-1ed6-4e03-a3fa-896fa8017ca8,PMT-66721A12,2026-03-03T17:36:55.720454Z,2026-03-03T17:36:55.720454Z,2025-08-13,ed95c9da-804d-436f-9ef5-d4a3dd2b971f,aa38bf8d-b4d1-49f1-94dc-04c380a5f210,1500,USD,,"[{""id"": ""f7e31bde-1c25-40b1-bab2-97eb7076abdd"", ""remote_id"": ""PMLN-62F5D0F7"", ""applied_amount"": 1500, ""applied_date"": ""2025-08-13"", ""related_object_id"": ""7ca3cf8b-617d-4533-83a5-948682d0332e"", ""related_object_type"": ""INVOICE""}]",False
36dfe7e6-7332-47c7-9f24-6f39f3205920,PMT-6B98CA24,2026-03-03T17:36:55.720454Z,2026-03-03T17:36:55.720454Z,2025-08-22,f08ec80a-eaf6-427b-8ff9-c5f9016127f0,aa38bf8d-b4d1-49f1-94dc-04c380a5f210,800,USD,,"[{""id"": ""4fb4dd68-d092-47cd-978f-2d9d301756dc"", ""remote_id"": ""PMLN-2D5929BC"", ""applied_amount"": 800, ""applied_date"": ""2025-08-22"", ""related_object_id"": ""5528da93-80fa-421c-b1a3-8204cc99260e"", ""related_object_type"": ""INVOICE""}]",False
0817c6f7-101a-4ccd-b9bc-14d59648d9b6,PMT-1FAE5707,2026-03-03T17:36:55.720454Z,2026-03-03T17:36:55.720454Z,2025-08-29,322deb3c-f969-4c77-b870-0e2a7a23ad6c,aa38bf8d-b4d1-49f1-94dc-04c380a5f210,2037.85,USD,,"[{""id"": ""3cec2bad-9b59-42f1-a22d-608b5b662d44"", ""remote_id"": ""PMLN-47BA4153"", ""applied_amount"": 2037.85, ""applied_date"": ""2025-08-29"", ""related_object_id"": ""0c7eb1f4-d377-4af9-bac5-dbd49e51aa1c"", ""related_object_type"": ""INVOICE""}]",False
4f46be5b-efa5-4102-ac11-1d8da01a443b,PMT-6F649611,2026-03-03T17:36:55.720454Z,2026-03-03T17:36:55.720454Z,2025-08-06,fa4ed7b1-2263-418d-aa0f-193cfda79411,aa38bf8d-b4d1-49f1-94dc-04c380a5f210,429.54,USD,,"[{""id"": ""69be2635-06da-4885-a401-601d22916ef4"", ""remote_id"": ""PMLN-92B64EC2"", ""applied_amount"": 429.54, ""applied_date"": ""2025-08-06"", ""related_object_id"": ""e5c4fe09-be04-4d5d-a5da-398e31efa787"", ""related_object_type"": ""INVOICE""}]",False
d24cf0a8-7b9c-4ef5-b3a6-8adb41017e03,PMT-C7BF5756,2026-03-03T17:36:55.720454Z,2026-03-03T17:36:55.720454Z,2025-09-09,b35e0079-e233-422e-a543-c0c2f9837d3b,aa38bf8d-b4d1-49f1-94dc-04c380a5f210,3500,USD,,"[{""id"": ""0f0cc3ab-2db3-4e15-8c4f-a12781f140e2"", ""remote_id"": ""PMLN-42C4C730"", ""applied_amount"": 3500, ""applied_date"": ""2025-09-09"", ""related_object_id"": ""ed33ef67-336c-46d1-a750-d0eb8a3a9f6d"", ""related_object_type"": ""INVOICE""}]",False
7149083e-86b2-4cfd-89f2-ce814bab659a,PMT-F9D399EB,2026-03-03T17:36:55.720454Z,2026-03-03T17:36:55.720454Z,2025-09-18,ed95c9da-804d-436f-9ef5-d4a3dd2b971f,aa38bf8d-b4d1-49f1-94dc-04c380a5f210,1500,USD,,"[{""id"": ""3d3e7be6-0564-474a-96da-c5fa0af19577"", ""remote_id"": ""PMLN-89D26256"", ""applied_amount"": 1500, ""applied_date"": ""2025-09-18"", ""related_object_id"": ""e92df965-7f51-4d43-8573-ed62fb2ec8eb"", ""related_object_type"": ""INVOICE""}]",False
a7809286-c151-4fa2-ab9e-0056cdf891d2,PMT-92C671A7,2026-03-03T17:36:55.720454Z,2026-03-03T17:36:55.720454Z,2025-09-04,f08ec80a-eaf6-427b-8ff9-c5f9016127f0,aa38bf8d-b4d1-49f1-94dc-04c380a5f210,800,USD,,"[{""id"": ""e273584f-1239-476d-a5ce-f06a87b7d590"", ""remote_id"": ""PMLN-093BE48E"", ""applied_amount"": 800, ""applied_date"": ""2025-09-04"", ""related_object_id"": ""bcafdf42-f2c3-4fa1-9eb8-788bd8e110b9"", ""related_object_type"": ""INVOICE""}]",False
10b01a5a-e382-44c8-a7a1-3865abd6a5af,PMT-94CDA1F3,2026-03-03T17:36:55.720454Z,2026-03-03T17:36:55.720454Z,2025-09-30,322deb3c-f969-4c77-b870-0e2a7a23ad6c,aa38bf8d-b4d1-49f1-94dc-04c380a5f210,1088.5,USD,,"[{""id"": ""068fea35-0001-497b-8509-af72dbd03197"", ""remote_id"": ""PMLN-7224AC92"", ""applied_amount"": 1088.5, ""applied_date"": ""2025-09-30"", ""related_object_id"": ""5a407167-b927-4418-a87b-ed07763349ef"", ""related_object_type"": ""INVOICE""}]",False
a186d895-a51e-49c7-bca3-3334031ad351,PMT-B9EEE601,2026-03-03T17:36:55.720454Z,2026-03-03T17:36:55.720454Z,2025-09-16,fa4ed7b1-2263-418d-aa0f-193cfda79411,aa38bf8d-b4d1-49f1-94dc-04c380a5f210,922.33,USD,,"[{""id"": ""bc46b960-d7b9-4074-878e-fe73ee89ba2c"", ""remote_id"": ""PMLN-699A4EDF"", ""applied_amount"": 922.33, ""applied_date"": ""2025-09-16"", ""related_object_id"": ""463f4e8e-60b0-4982-bb23-b8d25165a66c"", ""related_object_type"": ""INVOICE""}]",False
8f813b85-97a7-41b2-858f-ecc85dac3397,PMT-34BE0865,2026-03-03T17:36:55.720454Z,2026-03-03T17:36:55.720454Z,2025-10-02,b35e0079-e233-422e-a543-c0c2f9837d3b,aa38bf8d-b4d1-49f1-94dc-04c380a5f210,3500,USD,,"[{""id"": ""b5b535a1-601d-48ab-a09f-0c9047d40f9e"", ""remote_id"": ""PMLN-4626C292"", ""applied_amount"": 3500, ""applied_date"": ""2025-10-02"", ""related_object_id"": ""baa130a8-9cd9-4fe3-9dba-a704753ef56b"", ""related_object_type"": ""INVOICE""}]",False
4e26731a-2ddd-4f86-8553-99cdfcde371a,PMT-62AF5256,2026-03-03T17:36:55.720454Z,2026-03-03T17:36:55.720454Z,2025-10-11,ed95c9da-804d-436f-9ef5-d4a3dd2b971f,aa38bf8d-b4d1-49f1-94dc-04c380a5f210,1500,USD,,"[{""id"": ""e9a78b45-62e6-4ebc-8524-209c65d625cb"", ""remote_id"": ""PMLN-BF4D60DE"", ""applied_amount"": 1500, ""applied_date"": ""2025-10-11"", ""related_object_id"": ""95f84d5f-2c8d-49a0-b0ed-a4a1de079d59"", ""related_object_type"": ""INVOICE""}]",False
cf481a9d-36d3-4109-857b-2d4493de75fc,PMT-EFAE86EB,2026-03-03T17:36:55.720454Z,2026-03-03T17:36:55.720454Z,2025-10-22,f08ec80a-eaf6-427b-8ff9-c5f9016127f0,aa38bf8d-b4d1-49f1-94dc-04c380a5f210,800,USD,,"[{""id"": ""c47d42ac-159c-4f98-95ea-238a0198839c"", ""remote_id"": ""PMLN-00CF6485"", ""applied_amount"": 800, ""applied_date"": ""2025-10-22"", ""related_object_id"": ""e3073e0f-3918-45cc-b1a0-f97f8543571d"", ""related_object_type"": ""INVOICE""}]",False
3a4f8cab-ddec-4615-b44c-60358a87fd30,PMT-2D8F9477,2026-03-03T17:36:55.720454Z,2026-03-03T17:36:55.720454Z,2025-10-22,322deb3c-f969-4c77-b870-0e2a7a23ad6c,aa38bf8d-b4d1-49f1-94dc-04c380a5f210,1969.31,USD,,"[{""id"": ""7e4f1c93-2bec-41ce-952b-a5e5c65b6037"", ""remote_id"": ""PMLN-916089AA"", ""applied_amount"": 1969.31, ""applied_date"": ""2025-10-22"", ""related_object_id"": ""c92190cf-15b5-40e4-961b-a08327b089f9"", ""related_object_type"": ""INVOICE""}]",False
bfe9714b-ab3f-4192-b4b9-f8c39deaaac6,PMT-9A38D7E0,2026-03-03T17:36:55.720454Z,2026-03-03T17:36:55.720454Z,2025-10-17,fa4ed7b1-2263-418d-aa0f-193cfda79411,aa38bf8d-b4d1-49f1-94dc-04c380a5f210,956.5,USD,,"[{""id"": ""8db5ece5-597f-48c0-aa8d-814ee190cccc"", ""remote_id"": ""PMLN-5EAED587"", ""applied_amount"": 956.5, ""applied_date"": ""2025-10-17"", ""related_object_id"": ""51d03263-7bd0-4a8f-8a5a-99e8f5de7859"", ""related_object_type"": ""INVOICE""}]",False
98eeb3d2-786f-4297-a53a-0d4dcf08137a,PMT-9B8BFD0C,2026-03-03T17:36:55.720454Z,2026-03-03T17:36:55.720454Z,2025-11-10,b35e0079-e233-422e-a543-c0c2f9837d3b,aa38bf8d-b4d1-49f1-94dc-04c380a5f210,3500,USD,,"[{""id"": ""30cba1ff-21a4-4cc5-8301-38924c25727a"", ""remote_id"": ""PMLN-9300F766"", ""applied_amount"": 3500, ""applied_date"": ""2025-11-10"", ""related_object_id"": ""efa0d70e-cb84-44db-86d6-dfbf01f09460"", ""related_object_type"": ""INVOICE""}]",False
79b3f060-ce64-4d59-996b-4775ce9b79fd,PMT-FB01BA5E,2026-03-03T17:36:55.720454Z,2026-03-03T17:36:55.720454Z,2025-12-03,ed95c9da-804d-436f-9ef5-d4a3dd2b971f,aa38bf8d-b4d1-49f1-94dc-04c380a5f210,1500,USD,,"[{""id"": ""a9faf984-e62a-4769-9e43-ec261bcef403"", ""remote_id"": ""PMLN-B4F12A62"", ""applied_amount"": 1500, ""applied_date"": ""2025-12-03"", ""related_object_id"": ""e05b4065-ff46-47fd-ae7e-04dcaabe1d0f"", ""related_object_type"": ""INVOICE""}]",False
1f9aeb41-74f2-4091-a0a8-c622f9751692,PMT-12D130FB,2026-03-03T17:36:55.720454Z,2026-03-03T17:36:55.720454Z,2025-11-13,f08ec80a-eaf6-427b-8ff9-c5f9016127f0,aa38bf8d-b4d1-49f1-94dc-04c380a5f210,800,USD,,"[{""id"": ""689a2d1a-44df-433a-ac73-0126ecd984d0"", ""remote_id"": ""PMLN-31C2235E"", ""applied_amount"": 800, ""applied_date"": ""2025-11-13"", ""related_object_id"": ""5bd8ef24-04a3-4a89-896a-7b38cd457d23"", ""related_object_type"": ""INVOICE""}]",False
d7cb2d58-18f4-4850-9079-4ead77259701,PMT-2503A29A,2026-03-03T17:36:55.720454Z,2026-03-03T17:36:55.720454Z,2025-11-12,322deb3c-f969-4c77-b870-0e2a7a23ad6c,aa38bf8d-b4d1-49f1-94dc-04c380a5f210,1765.3,USD,,"[{""id"": ""752ee467-8cb3-4e7c-9168-2bb2641ac631"", ""remote_id"": ""PMLN-20ED0D64"", ""applied_amount"": 1765.3, ""applied_date"": ""2025-11-12"", ""related_object_id"": ""d2592339-ec13-41fc-a5b6-97ba4ce9d1c8"", ""related_object_type"": ""INVOICE""}]",False
4e6ebe7a-e315-46e8-a540-72843e82e330,PMT-9B3DC19B,2026-03-03T17:36:55.720454Z,2026-03-03T17:36:55.720454Z,2025-11-08,fa4ed7b1-2263-418d-aa0f-193cfda79411,aa38bf8d-b4d1-49f1-94dc-04c380a5f210,661.16,USD,,"[{""id"": ""37d653a6-f6cf-4a3a-8432-7479fa7cba5b"", ""remote_id"": ""PMLN-53E22CB5"", ""applied_amount"": 661.16, ""applied_date"": ""2025-11-08"", ""related_object_id"": ""9543f4f3-0a11-4ff4-9928-e984bb534b9d"", ""related_object_type"": ""INVOICE""}]",False
9d73ce4d-50dd-417b-95e4-353aa7975fd2,PMT-9B5CB490,2026-03-03T17:36:55.720454Z,2026-03-03T17:36:55.720454Z,2025-12-02,b35e0079-e233-422e-a543-c0c2f9837d3b,aa38bf8d-b4d1-49f1-94dc-04c380a5f210,3500,USD,,"[{""id"": ""a8e8144e-e6fe-443d-9d52-5780a27f0ff3"", ""remote_id"": ""PMLN-42FB0701"", ""applied_amount"": 3500, ""applied_date"": ""2025-12-02"", ""related_object_id"": ""d3c943d8-58c5-4f26-bb1f-8aaf485953a7"", ""related_object_type"": ""INVOICE""}]",False
c76ac3bf-fb07-414e-b550-0803b415329a,PMT-32F044B2,2026-03-03T17:36:55.720454Z,2026-03-03T17:36:55.720454Z,2025-12-21,ed95c9da-804d-436f-9ef5-d4a3dd2b971f,aa38bf8d-b4d1-49f1-94dc-04c380a5f210,1500,USD,,"[{""id"": ""1e67f8a0-34ae-473d-aa6b-33f318762aca"", ""remote_id"": ""PMLN-2100737F"", ""applied_amount"": 1500, ""applied_date"": ""2025-12-21"", ""related_object_id"": ""44c5d854-791f-4c3c-99b9-6caca6739e9a"", ""related_object_type"": ""INVOICE""}]",False
b5feae40-a835-47cb-8147-3207ac7a50a2,PMT-F21723F8,2026-03-03T17:36:55.720454Z,2026-03-03T17:36:55.720454Z,2025-12-27,f08ec80a-eaf6-427b-8ff9-c5f9016127f0,aa38bf8d-b4d1-49f1-94dc-04c380a5f210,800,USD,,"[{""id"": ""8cf5dc9c-685a-46a9-b894-a94d4625171b"", ""remote_id"": ""PMLN-988946E2"", ""applied_amount"": 800, ""applied_date"": ""2025-12-27"", ""related_object_id"": ""1995bce0-2af4-43d4-a5de-7331933738cd"", ""related_object_type"": ""INVOICE""}]",False
91b09221-c7fa-48ac-8601-08424fb4cc55,PMT-5564F070,2026-03-03T17:36:55.720454Z,2026-03-03T17:36:55.720454Z,2025-12-15,322deb3c-f969-4c77-b870-0e2a7a23ad6c,aa38bf8d-b4d1-49f1-94dc-04c380a5f210,1168.53,USD,,"[{""id"": ""51dbba04-15c1-4dc1-8477-04d5fc951a37"", ""remote_id"": ""PMLN-B5DC76BF"", ""applied_amount"": 1168.53, ""applied_date"": ""2025-12-15"", ""related_object_id"": ""f80efc75-a12b-4c0c-91b1-6ae9e2f2544c"", ""related_object_type"": ""INVOICE""}]",False
c5c7c5f2-ff9a-44b5-b0c6-58fe1b254042,PMT-2F0D3B94,2026-03-03T17:36:55.720454Z,2026-03-03T17:36:55.720454Z,2025-12-22,fa4ed7b1-2263-418d-aa0f-193cfda79411,aa38bf8d-b4d1-49f1-94dc-04c380a5f210,1118.45,USD,,"[{""id"": ""24c42349-e4fb-4b36-bde0-443d29412566"", ""remote_id"": ""PMLN-62975F72"", ""applied_amount"": 1118.45, ""applied_date"": ""2025-12-22"", ""related_object_id"": ""20245979-6d35-48c7-baea-f6264b830b2b"", ""related_object_type"": ""INVOICE""}]",False
13d5da32-0d9c-45bb-9075-c6855f2e69e1,PMT-0848FC81,2026-03-03T17:36:55.720454Z,2026-03-03T17:36:55.720454Z,2026-01-01,b35e0079-e233-422e-a543-c0c2f9837d3b,aa38bf8d-b4d1-49f1-94dc-04c380a5f210,3500,USD,,"[{""id"": ""864bd65a-b220-4966-8af1-6b5899564285"", ""remote_id"": ""PMLN-F046076B"", ""applied_amount"": 3500, ""applied_date"": ""2026-01-01"", ""related_object_id"": ""03358950-ac1f-440c-a453-612732d7baf6"", ""related_object_type"": ""INVOICE""}]",False
4ee673fc-64bf-4652-83f5-486638ab9b7d,PMT-0FAA87EF,2026-03-03T17:36:55.721454Z,2026-03-03T17:36:55.721454Z,2026-01-10,ed95c9da-804d-436f-9ef5-d4a3dd2b971f,aa38bf8d-b4d1-49f1-94dc-04c380a5f210,1500,USD,,"[{""id"": ""02190e7c-6fd9-4a69-8be5-08ab76ea6883"", ""remote_id"": ""PMLN-D3D958EA"", ""applied_amount"": 1500, ""applied_date"": ""2026-01-10"", ""related_object_id"": ""8fe9d91e-d87a-41ca-b99e-8e1895b5e78a"", ""related_object_type"": ""INVOICE""}]",False
bf331add-b362-4bf6-96a8-eac2d26283aa,PMT-592C2E11,2026-03-03T17:36:55.721454Z,2026-03-03T17:36:55.721454Z,2026-01-02,f08ec80a-eaf6-427b-8ff9-c5f9016127f0,aa38bf8d-b4d1-49f1-94dc-04c380a5f210,800,USD,,"[{""id"": ""ecceb297-231e-42a3-94e4-ebd3d43f574d"", ""remote_id"": ""PMLN-DFBC917D"", ""applied_amount"": 800, ""applied_date"": ""2026-01-02"", ""related_object_id"": ""e5a67bf1-8fb2-4142-b606-b6bf9b535c9a"", ""related_object_type"": ""INVOICE""}]",False
73f47faf-191c-4040-8b59-b618596955ed,PMT-165D37C7,2026-03-03T17:36:55.721454Z,2026-03-03T17:36:55.721454Z,2026-01-08,322deb3c-f969-4c77-b870-0e2a7a23ad6c,aa38bf8d-b4d1-49f1-94dc-04c380a5f210,2085.31,USD,,"[{""id"": ""b64dc0f5-13f1-4b7c-8444-0b0dfb4f2362"", ""remote_id"": ""PMLN-FE34E669"", ""applied_amount"": 2085.31, ""applied_date"": ""2026-01-08"", ""related_object_id"": ""78b72e7b-334d-4ce8-9e03-65fd52c42922"", ""related_object_type"": ""INVOICE""}]",False
143420df-c233-428f-856c-f86397a7f273,PMT-2EE4ECEF,2026-03-03T17:36:55.721454Z,2026-03-03T17:36:55.721454Z,2026-01-19,fa4ed7b1-2263-418d-aa0f-193cfda79411,aa38bf8d-b4d1-49f1-94dc-04c380a5f210,458.51,USD,,"[{""id"": ""92da07d1-4010-4941-ba79-d4b7184714a4"", ""remote_id"": ""PMLN-2069EFF0"", ""applied_amount"": 458.51, ""applied_date"": ""2026-01-19"", ""related_object_id"": ""1c0f90ec-005b-4a8e-b6b9-7c8a99c4aa02"", ""related_object_type"": ""INVOICE""}]",False
05aea64e-b865-4b80-9b54-ec3c8b5c4287,PMT-28FDD0B3,2026-03-03T17:36:55.721454Z,2026-03-03T17:36:55.721454Z,2025-09-21,b35e0079-e233-422e-a543-c0c2f9837d3b,aa38bf8d-b4d1-49f1-94dc-04c380a5f210,3500.0,USD,,"[{""id"": ""15b1fe38-45f8-4bb9-bd33-bb503ae8b34f"", ""remote_id"": ""PMLN-722ABB58"", ""applied_amount"": 3500.0, ""applied_date"": ""2025-09-21"", ""related_object_id"": ""16a33ee6-4daa-4d91-a194-689b3e9e1a0f"", ""related_object_type"": ""INVOICE""}]",False
08366878-bf6c-42b7-b165-2d4d97bad820,PMT-57FC5256,2026-03-03T17:36:55.721454Z,2026-03-03T17:36:55.721454Z,2025-12-22,ca688cd1-6d1e-4581-a043-dd3c52f818bb,aa38bf8d-b4d1-49f1-94dc-04c380a5f210,25000.0,USD,,"[{""id"": ""07cf2310-9bdb-4b7e-8d8e-d1d025d973dc"", ""remote_id"": ""PMLN-C42B5CCC"", ""applied_amount"": 25000.0, ""applied_date"": ""2025-12-22"", ""related_object_id"": ""d375bb56-7dba-4d6a-a451-d10068170df2"", ""related_object_type"": ""INVOICE""}]",False
